username: Bret, email: Sincere@april.biz
username: Antonette, email: Shanna@melissa.tv
username: Samantha, email: Nathan@yesenia.net
username: Karianne, email: Julianne.OConner@kory.org
username: Kamren, email: Lucio_Hettinger@annie.ca
username: Leopoldo_Corkery, email: Karley_Dach@jasper.info
username: Elwyn.Skiles, email: Telly.Hoeger@billy.biz
username: Maxime_Nienow, email: Sherwood@rosamond.me
username: Delphine, email: Chaim_McDermott@dana.io
username: Moriah.Stanton, email: Rey.Padberg@karina.biz
username: AliceJ, email: alice@example.com
username: BobS, email: bob@example.com
username: CharlieG, email: charlie@example.net
username: DianaP, email: diana@example.org
username: EllaF, email: ella@example.com
username: FrankS, email: frank@example.com
username: GraceW, email: grace@example.net
username: HankM, email: hank@example.org
